set,question,file,text
1,1,opic1_g01_intro_q01_answer.mp3,"Hi, my name is Bread. I'm a big coffee lover, so I guess I'll start there. I can't really start my day without a cup of coffee, and this morning was no different. I had one before I came to take this test, and I'm already looking forward to another one once it's over. I work in IT at Samsung Heavy Industries. I'm in charge of our IT systems, so my days are pretty busy. I live in an apartment with my wife, and we're pretty much homebodies. In my free time, I like listening to music, playing computer games, and reading. So, yeah, that's me in a nutshell: coffee, my wife, and my computer. I'm happy to be here, and I hope I do well today!"
1,2,opic1_g02_sudden-weather_q02_answer.mp3,"We have four distinct seasons in Korea, and each one has its own charm. Spring is mild and the cherry blossoms come out. Summer is hot and humid, and we get a rainy season in July. Winter is freezing cold, and sometimes it snows. But my favorite season, hands down, is fall. The weather is just perfect. It's sunny and crisp, and the sky is so clear and blue. The leaves turn red and yellow, so people go hiking or take road trips to see the fall foliage. Honestly, it's the best time to be outside. And, of course, it's the perfect weather for a hot cup of coffee. I wish fall lasted longer!"
1,3,opic1_g02_sudden-weather_q03_answer.mp3,"It's a beautiful fall day today. It's sunny, but it's not hot at all. There's a nice, cool breeze, so it's a little chilly in the morning and evening. I actually wore a light jacket when I left home this morning. Right now, the leaves are just starting to change color, and it looks like people are enjoying the weather. I saw lots of families and couples out and about on my way here. It's hiking season, so I'm sure the mountains are packed. Days like this put me in a good mood, and it's making me a little less nervous about this test!"
1,4,opic1_g02_sudden-weather_q04_answer.mp3,"Yes, it has changed a lot. When I was a kid, fall used to be longer, and winters were really cold, with lots of snow. I remember building snowmen almost every winter. These days, though, summers are getting hotter and longer, and fall seems to be getting shorter. Sometimes it feels like we go straight from summer to winter. We also have more heat waves and sudden heavy rain than before. I think it's because of climate change. It's kind of sad, to be honest, because fall is my favorite season, and I don't want to lose it."
1,5,opic1_g03_home_q05_answer.mp3,"I live in an apartment on the 3rd floor of a 25-story building with my wife. We have three bedrooms, a living room, a kitchen, and two bathrooms. It's not huge, but it's cozy, and it's just the right size for the two of us. My favorite room, without a doubt, is my own room. It has a computer, so I can do pretty much everything in there. I listen to music, play games, study, and read books. And I have a comfortable bed, too, so when I'm tired, I can just lie down and chill. Sometimes I even fall asleep with the music on. It's like my own little escape. My wife jokes that I never come out of that room on weekends, and she's not wrong!"
1,6,opic1_g03_home_q06_answer.mp3,"Honestly, I haven't had many problems in my house. We don't have noisy neighbors, and things rarely break. I've only had small things, like a leaky faucet or a light bulb going out. But there was one huge problem this summer. It rained so hard for several days, and the power and the water went out in our whole building. It was a real mess. We couldn't use the lights, the refrigerator, or even the toilet. And it lasted for two whole weeks. That was by far the worst problem I've ever had at home."
1,7,opic1_g03_home_q07_answer.mp3,"Sure. It happened this past summer. We had a huge storm for about three days, and out of nowhere, the power went out. A little later, the water stopped, too. We found out that the building's electrical room and water pump had flooded. They said it would take a long time to fix. At first, we stayed home, but there was nothing to do. My computer was off, my phone was running out of battery, and it was pitch dark. We just sat there with candles and talked. That's when I realized how much I depend on electricity. The first big problem was our food. Our fridge was full, and it was going to spoil in the heat. So we packed everything into coolers and took it to my father-in-law's house. And honestly, we couldn't stay in our apartment, because there was no air conditioning, no water, and no toilet. So we ended up living at my father-in-law's place. In the end, it took two whole weeks to fix everything! The power came back first. But there was still no water, so I'd go back to our apartment and carry buckets of water from my father-in-law's house just to wash up and flush the toilet. It was a real workout, especially since I'm not exactly a gym guy. When the water finally came back, we cheered like we'd won the lottery. After that, I really appreciated the little things, like running water and a cold drink."
1,8,opic1_g04_sudden-restaurant_q08_answer.mp3,"There are all kinds of restaurants in Korea, but I'd say the most typical one is a Korean BBQ place. In a place like that, there's a grill built into the table, and we cook the meat ourselves. The most popular dish is samgyeopsal, which is grilled pork belly. You wrap it in lettuce along with garlic, a little bit of sauce, and some kimchi, then eat it in one bite. The side dishes are free and unlimited, which is great. Usually, people go there in groups, like with coworkers or friends, and have a few drinks, like soju or beer. The atmosphere is loud, lively, and fun. That's how Koreans bond, I think."
1,9,opic1_g04_sudden-restaurant_q09_answer.mp3,"The last time I ate out was last week. Three new employees joined our team, so we had a welcome dinner at a Korean BBQ restaurant near our office. There were eight of us in total. I didn't know the new people yet, so I was a little nervous, but the food broke the ice. We ordered a lot of pork belly, and I volunteered to grill. I'm not bad at it, actually! We also had kimchi stew and a few bottles of soju. After a couple of drinks, everyone loosened up, and we talked about everything from work to hobbies. By the end of the night, the new guys were telling jokes like they'd been with us for years. It was a really good time."
1,10,opic1_g04_sudden-restaurant_q10_answer.mp3,"One dish I really remember is the pork belly from that dinner. It wasn't just any pork belly. It was thick-cut, and it was grilled over real charcoal, so the meat had a smoky flavor. The outside was crispy, and the inside was juicy and tender. I dipped it in sesame oil with a little salt, and it just melted in my mouth. Then at the very end, we had cold noodles, which is a Korean tradition. The cold, tangy noodles cleaned my palate after all that meat. Honestly, it was the perfect meal. It was memorable not just because of the taste, but also because I was with great people. I'm already craving it again!"
1,11,opic1_g05_rp-movie-ticket_q11_answer.mp3,"Hello. I'm calling to ask about some movie tickets. I'd like to watch ""Space Quest"" this Saturday evening with a friend. First, what time are the shows on Saturday after 6 p.m.?. Great. And are there still seats available for the 7:30 show? I'd like two seats together, if possible, somewhere in the middle.. Also, how much are the tickets? Is there a discount for students or for evening shows?. One last thing: can I book the tickets online and pick them up at the theater?. That's very helpful. Thank you so much. I'll book them right now. Have a great day!"
1,12,opic1_g05_rp-movie-ticket_q12_answer.mp3,"Hi. I have a bit of a problem. I just bought two tickets for the 7:30 show, and I realized they're for the wrong movie. I wanted ""Space Quest,"" but the tickets say ""Dark Harbor."" I'm really sorry about the mix-up, but I was hoping you could help me out. First, could you exchange them for the right movie? If that's not possible, could I get a refund? Or, if the show is sold out, maybe I could switch to the 9:30 show, or even tomorrow's show? Any of those would work for me. I'd really appreciate it. Thank you!"
1,13,opic1_g05_rp-movie-ticket_q13_answer.mp3,"Yes, and it's kind of embarrassing, but also funny. A couple of years ago, I wanted to surprise my wife for our anniversary, so I booked a table at a fancy Italian restaurant online. I was so proud of myself. On the big night, we showed up all dressed up, and the host looked at his computer and said, ""I'm sorry, but we don't have a reservation for tonight."" I was shocked. I showed him my phone, and then I saw it: I had booked it for the next day! My wife just looked at me and burst out laughing. The restaurant was fully booked, so we couldn't get in. We ended up buying fried chicken and beer from a convenience store and eating on a bench in a park. Honestly, it was one of the best anniversaries ever. We still joke about it. Since then, I always double-check my reservations, like three times!"
1,14,opic1_g06_domestic-travel_q14_answer.mp3,"I think traveling is a lot easier now. In the past, we had to use paper maps, and we'd get lost all the time. Now, I just use a navigation app, and it tells me the fastest route and even the traffic. We also book hotels and restaurants online, and read reviews before going. This past summer, my wife and I drove along the west coast of Korea. We planned the whole trip on our phones, and we found great seafood places and cute cafes just by searching. We watched the sunset at the beach, and it was unforgettable. On the other hand, there's a downside. Everything is more crowded now because everyone shares places on social media. And prices are higher than before. But overall, I'd say it's easier, and it's more fun, too."
1,15,opic1_g06_domestic-travel_q15_answer.mp3,"Travel problems can be anything from bad weather to getting lost to car trouble. People usually handle them by searching online, calling customer service, or just staying calm and finding a plan B. Actually, I had a pretty bad experience recently. On a weekend, my wife and I drove to Jirisan. On our way back, in a city called Namwon, the air conditioner suddenly stopped working. It was still summer, so it felt like an oven in the car! Then I noticed the battery wasn't charging, either. I called my insurance company, and they sent a mechanic. He said a rubber part that holds the belts had broken, so none of the belts were running. I'm not a car guy, so I don't know the details, but the point is the car couldn't be driven. And it was a holiday, so all the repair shops were closed. We had no choice: we left the car there and took a bus home. It was a long, tiring day. The next Tuesday, the repair shop called and said they had the part. They fixed it, and I took a bus all the way back to Namwon to pick up the car. Honestly, it was a hassle, but looking back, it was kind of an adventure. The lesson I learned is: get your car checked before a long trip!"
